Kod terytorialny gminy;Nr obwodu głosowania;Typ obszaru;Typ obwodu;Siedziba Obwodowej Komisji Wyborczej;Gmina;Powiat;Województwo;Komisja otrzymała kart do głosowania;Liczba wyborców uprawnionych do głosowania;w tym umieszczonych w części A spisu wyborców;w tym umieszczonych w części B spisu wyborców;Nie wykorzystano kart do głosowania;Liczba wyborców, którym wydano karty do głosowania;w tym w części A spisu wyborców;w tym w części B spisu wyborców;Liczba wyborców głosujących przez pełnomocnika;Liczba wyborców głosujących na podstawie zaświadczenia o prawie do głosowania;Liczba wyborców, którym wysłano pakiety wyborcze;Liczba otrzymanych kopert zwrotnych;Liczba kopert zwrotnych, w których nie było oświadczenia o osobistym i tajnym oddaniu głosu;Liczba kopert zwrotnych, w których oświadczenie nie było podpisane;Liczba kopert zwrotnych, w których nie było koperty na kartę do głosowania;Liczba kopert zwrotnych, w których znajdowała się niezaklejona koperta na kartę do głosowania;Liczba kopert na kartę do głosowania wrzuconych do urny;Liczba kart wyjętych z urny;w tym liczba kart wyjętych z kopert na kartę do głosowania;Liczba kart nieważnych;Liczba kart ważnych;Liczba głosów nieważnych;w tym z powodu postawienia znaku „X” obok nazwiska dwóch lub większej liczby kandydatów;w tym z powodu niepostawienia znaku „X” obok nazwiska żadnego kandydata;w tym z powodu postawienia znaku „X” wyłącznie obok skreślonego nazwiska kandydata;Liczba głosów ważnych oddanych łącznie na wszystkie listy kandydatów;Lista nr 1 - KWW KONFEDERACJA KORWIN BRAUN LIROY NARODOWCY;1 IWASZKIEWICZ Robert Jarosław;2 ŻUREK Piotr Grzegorz;3 POPLICHA Dagmara Ewa;4 SZKARUPSKI Daniel;5 CZERNIAK Hubert Stanisław;6 GIELERT Katarzyna Zofia;7 JARMUŁOWICZ Lidia Maria;8 BIELECKA Halszka Beata;9 DASZYŃSKA-HERCUŃ Anna Maria;10 KORWIN-MIKKE Janusz Ryszard;Razem;Lista nr 2 - KW WIOSNA ROBERTA BIEDRONIA;1 ŚMISZEK Krzysztof Jan;2 LUBINIECKA-RÓŻYŁO Katarzyna Elżbieta;3 CHOJNOWSKI Szymon Piotr;4 MIGOCZ Izabela Monika;5 SYSKA Michał Jan;6 LEMPART Marta Mirosława;7 PILC Jarosław Stanisław;8 ODROWSKA Katarzyna;9 ZATKA Natalia Iwona;10 KOTARBA Mariusz;Razem;Lista nr 3 - KKW KOALICJA EUROPEJSKA PO PSL SLD .N ZIELONI;1 OCHOJSKA-OKOŃSKA Janina Maria;2 DUDA Jarosław;3 SEKUŁA-SZMAJDZIŃSKA Małgorzata Helena;4 BUŁA Andrzej;5 ROKICKA Julia Agata;6 MRZYGŁOCKA Izabela Katarzyna;7 KOZAKIEWICZ Władysław;8 STĘPIEŃ Elżbieta Krystyna;9 PROROK Genowefa Katarzyna;10 MIESZKOWSKI Krzysztof;Razem;Lista nr 4 - KW PRAWO I SPRAWIEDLIWOŚĆ;1 ZALEWSKA Anna Elżbieta;2 KEMPA Beata Agnieszka;3 KŁOSOWSKI Sławomir;4 KISIELEWICZ Andrzej Marian;5 SZWED Aleksander Jakub;6 ŚLUSARZ Rafał Józef;7 CZOCHARA Katarzyna Beata;8 BACZYŃSKI Jacek Marcin;9 ŻOŁNIERUK Beata Izabela;10 STACHOWIAK-RÓŻECKA Mirosława Agnieszka;Razem;Lista nr 5 - KKW LEWICA RAZEM - RAZEM, UNIA PRACY, RSS;1 ZAWISZA Marcelina Monika;2 PRZYSTAJKO Jerzy;3 PIWCEWICZ Jolanta Anna;4 BROWARNY Wojciech Jan;5 JAROŃSKA Kamila Maria;6 MAKÓWKA Jacek Edward;7 STABROWSKA Anna Ewa;8 DROST Andrzej Oswald;9 BURAKOWSKA Krystyna Anna;10 CHUDY Filip;Razem;Lista nr 6 - KWW KUKIZ'15;1 ŚCIGAJ Agnieszka;2 GRABOWSKI Paweł;3 MAZUR Aneta;4 KUBALA Marek Zdzisław;5 LICZNAR Katarzyna Anna;6 CHARYTONIUK Gracjan;7 OLSZEWSKA Małgorzata;8 JAGIEŁŁO Wojciech Jan;9 ZYCH Anna;10 KRÓLAK Marcin Stanisław;Razem
020101;1;miasto;stały;Szkoła Podstawowa Nr 3, ul. Ceramiczna 5, 59-700 Bolesławiec;m. Bolesławiec;bolesławiecki;dolnośląskie;1213;1543;1543;0;577;636;636;0;0;1;0;0;0;0;0;0;0;636;0;0;636;1;1;0;0;635;35;12;0;0;0;14;0;0;0;0;9;35;40;21;5;3;1;1;6;1;1;1;0;40;264;167;23;52;2;5;2;4;2;0;7;264;263;111;110;12;3;4;9;2;5;0;7;263;4;4;0;0;0;0;0;0;0;0;0;4;29;8;6;4;2;0;0;2;3;4;0;29
020101;2;miasto;stały;Szkoła Podstawowa Nr 3, ul. Ceramiczna 5, 59-700 Bolesławiec;m. Bolesławiec;bolesławiecki;dolnośląskie;1000;1358;1358;0;341;659;659;0;0;1;0;0;0;0;0;0;0;659;0;0;659;2;2;0;0;657;30;9;1;0;1;3;0;0;3;0;13;30;56;29;7;4;1;4;6;1;2;2;0;56;306;201;10;69;2;6;1;4;3;1;9;306;239;90;91;4;10;5;10;4;3;2;20;239;5;4;0;0;0;1;0;0;0;0;0;5;21;18;0;0;0;0;0;0;1;1;1;21
020101;3;miasto;stały;Szkoła Podstawowa Nr 5, ul. Dolne Młyny 60, 59-700 Bolesławiec;m. Bolesławiec;bolesławiecki;dolnośląskie;1100;1440;1440;0;429;671;671;0;0;2;0;0;0;0;0;0;0;671;0;0;671;8;7;1;0;663;47;11;1;0;0;20;2;0;0;0;13;47;31;16;6;0;2;2;3;0;1;1;0;31;290;179;9;84;3;4;0;3;5;0;3;290;256;106;86;15;12;3;6;6;5;0;17;256;11;5;1;1;2;0;0;1;0;1;0;11;28;15;5;3;3;0;0;1;0;1;0;28
020101;4;miasto;stały;Szkoła Podstawowa Nr 5, ul. Dolne Młyny 60, 59-700 Bolesławiec;m. Bolesławiec;bolesławiecki;dolnośląskie;1106;1467;1467;0;390;716;716;0;0;2;0;0;0;0;0;0;0;716;0;0;716;3;2;1;0;713;51;13;1;0;0;19;0;0;0;1;17;51;30;18;3;1;1;0;4;1;0;1;1;30;341;204;22;97;5;2;3;2;0;2;4;341;268;101;107;7;6;5;10;6;6;3;17;268;8;7;0;0;0;0;0;1;0;0;0;8;15;10;2;0;0;0;0;0;1;2;0;15
020101;5;miasto;stały;Szkoła Podstawowa Nr 5, ul. Dolne Młyny 60, 59-700 Bolesławiec;m. Bolesławiec;bolesławiecki;dolnośląskie;1100;1399;1399;0;469;631;631;0;0;2;0;0;0;0;0;0;0;631;0;0;631;9;6;3;0;622;32;5;0;1;0;17;0;0;0;0;9;32;39;19;11;3;1;2;2;0;1;0;0;39;300;187;9;77;4;3;3;7;3;1;6;300;225;87;88;9;8;5;7;0;3;4;14;225;11;5;0;3;1;1;0;0;0;1;0;11;15;7;1;2;1;0;0;1;2;1;0;15
020101;6;miasto;stały;Szkoła Podstawowa Nr 2, ul. Juliusza Słowackiego 2, 59-700 Bolesławiec;m. Bolesławiec;bolesławiecki;dolnośląskie;1001;1334;1334;0;532;469;469;0;0;2;0;0;0;0;0;0;0;469;0;0;469;4;4;0;0;465;25;3;4;0;2;5;1;1;3;0;6;25;31;17;6;0;1;1;1;0;4;1;0;31;200;104;14;65;1;2;0;6;5;1;2;200;184;77;55;10;10;3;6;7;0;2;14;184;6;1;1;1;1;1;0;1;0;0;0;6;19;10;2;4;0;0;0;0;0;2;1;19
020101;7;miasto;stały;Szkoła Podstawowa Nr 1, ul. Jana Pawła II 38c, 59-700 Bolesławiec;m. Bolesławiec;bolesławiecki;dolnośląskie;1000;1361;1361;0;316;684;684;0;0;3;0;0;0;0;0;0;0;683;0;0;683;5;4;1;0;678;27;8;0;0;2;6;0;0;0;0;11;27;40;26;6;4;1;0;0;0;0;1;2;40;351;210;9;108;2;4;2;7;6;0;3;351;231;75;107;12;11;4;3;3;6;0;10;231;8;2;2;2;0;0;0;0;0;1;1;8;21;11;1;4;1;0;1;0;1;2;0;21
020101;8;miasto;stały;Szkoła Podstawowa Nr 1, ul. Jana Pawła II 38c, 59-700 Bolesławiec;m. Bolesławiec;bolesławiecki;dolnośląskie;1098;1383;1383;0;392;706;706;0;1;4;0;0;0;0;0;0;0;706;0;0;706;1;0;1;0;705;43;7;2;0;1;18;1;0;0;0;14;43;42;23;2;2;1;0;7;0;4;1;2;42;317;178;13;98;3;4;1;8;4;3;5;317;268;106;110;18;15;6;6;3;2;1;1;268;6;4;1;0;0;0;0;0;0;0;1;6;29;17;0;4;1;3;0;1;0;1;2;29
020101;9;miasto;stały;Miejskie Przedszkole Publiczne Nr 6, ul. Piotra i Pawła 2, 59-700 Bolesławiec;m. Bolesławiec;bolesławiecki;dolnośląskie;1100;1439;1439;0;456;644;644;0;2;5;1;1;0;0;0;0;1;645;1;0;645;4;3;1;0;641;28;11;1;1;1;3;0;0;1;1;9;28;40;27;1;2;0;2;2;1;3;1;1;40;311;193;20;67;2;8;2;7;2;1;9;311;229;87;81;7;10;4;21;4;5;0;10;229;10;3;0;2;0;0;1;0;0;0;4;10;23;12;2;2;0;1;0;1;1;1;3;23
020101;10;miasto;stały;Szkoła Podstawowa Nr 2, ul. Juliusza Słowackiego 2, 59-700 Bolesławiec;m. Bolesławiec;bolesławiecki;dolnośląskie;999;1303;1303;0;410;589;589;0;0;5;0;0;0;0;0;0;0;589;0;0;589;2;2;0;0;587;24;7;1;0;1;9;0;0;0;0;6;24;51;28;6;2;2;0;10;0;2;1;0;51;248;142;13;74;1;8;1;4;3;0;2;248;234;80;99;15;9;5;6;2;6;1;11;234;5;2;0;1;0;0;2;0;0;0;0;5;25;13;1;3;0;0;0;3;3;0;2;25
020101;11;miasto;stały;Szkoła Podstawowa Nr 4, ul. Mikołaja Brody 12, 59-700 Bolesławiec;m. Bolesławiec;bolesławiecki;dolnośląskie;1100;1381;1381;0;450;648;648;0;0;1;1;0;0;0;0;0;0;650;0;0;650;2;1;1;0;648;17;4;0;1;0;6;0;0;2;0;4;17;30;15;7;2;0;0;4;0;2;0;0;30;348;180;15;128;3;3;3;4;3;2;7;348;232;84;90;14;7;1;5;2;5;2;22;232;7;3;1;1;0;0;0;0;0;0;2;7;14;7;2;1;0;1;1;1;0;0;1;14
020101;12;miasto;stały;Szkoła Podstawowa Nr 2, ul. Bielska 5, 59-700 Bolesławiec;m. Bolesławiec;bolesławiecki;dolnośląskie;1000;1323;1323;0;357;643;643;0;1;0;0;0;0;0;0;0;0;643;0;0;643;10;7;3;0;633;32;4;3;2;0;9;0;2;1;0;11;32;31;18;4;2;1;0;0;0;4;1;1;31;279;151;7;103;1;1;2;7;2;1;4;279;258;100;99;16;12;3;9;2;3;1;13;258;10;1;6;0;1;0;2;0;0;0;0;10;23;9;1;4;1;0;0;3;0;3;2;23
020101;13;miasto;stały;Szkoła Podstawowa Nr 2, ul. Bielska 5, 59-700 Bolesławiec;m. Bolesławiec;bolesławiecki;dolnośląskie;1100;1411;1411;0;472;628;628;0;0;3;2;2;0;0;0;0;2;630;2;0;630;6;1;5;0;624;31;2;2;0;0;12;2;2;1;0;10;31;47;24;9;3;1;0;2;1;0;3;4;47;309;179;13;98;1;2;3;4;1;2;6;309;212;83;86;6;8;6;2;6;1;0;14;212;8;3;2;0;0;2;0;0;0;0;1;8;17;10;2;4;0;0;0;0;0;0;1;17
020101;14;miasto;stały;Szkoła Podstawowa Nr 2, ul. Bielska 5, 59-700 Bolesławiec;m. Bolesławiec;bolesławiecki;dolnośląskie;1200;1531;1531;0;432;768;768;0;2;0;1;1;0;0;0;0;1;769;1;0;769;2;0;2;0;767;34;7;0;0;1;16;0;0;0;2;8;34;63;38;12;4;0;1;1;1;0;2;4;63;396;229;21;117;7;8;1;6;3;0;4;396;243;92;98;14;7;6;8;2;0;0;16;243;13;8;1;0;0;2;0;0;0;1;1;13;18;7;5;3;1;0;0;2;0;0;0;18
020101;15;miasto;stały;Miejskie Przedszkole Nr 5, ul. Zygmunta Augusta 16b, 59-700 Bolesławiec;m. Bolesławiec;bolesławiecki;dolnośląskie;1100;1442;1442;0;403;697;697;0;1;5;0;0;0;0;0;0;0;697;0;0;697;2;0;2;0;695;31;3;1;1;2;11;1;0;1;0;11;31;42;26;10;1;1;0;0;0;1;1;2;42;366;205;13;117;4;4;0;14;1;1;7;366;227;74;104;12;11;7;5;3;4;0;7;227;5;2;1;0;0;1;1;0;0;0;0;5;24;9;6;0;0;1;0;1;3;1;3;24
020101;16;miasto;stały;Przedsiębiorstwo Wodociągów i Kanalizacji, Aleja Wojska Polskiego 6/1a, 59-700 Bolesławiec;m. Bolesławiec;bolesławiecki;dolnośląskie;1100;1418;1418;0;402;698;698;0;0;3;0;0;0;0;0;0;0;698;0;0;698;3;3;0;0;695;50;9;0;0;0;18;2;2;5;1;13;50;45;23;5;3;1;2;8;1;1;1;0;45;364;199;10;123;3;2;1;10;2;0;14;364;204;85;78;9;9;4;4;0;3;3;9;204;5;2;1;1;0;0;0;0;0;0;1;5;27;18;2;3;0;2;1;0;1;0;0;27
020101;17;miasto;stały;Pałac Ślubów, Ratusz-Rynek 41, 59-700 Bolesławiec;m. Bolesławiec;bolesławiecki;dolnośląskie;1000;1322;1322;0;495;505;505;0;1;4;0;0;0;0;0;0;0;505;0;0;505;4;1;3;0;501;24;4;0;0;1;10;1;0;0;0;8;24;41;32;4;0;1;0;0;0;1;2;1;41;207;128;11;54;1;3;0;1;4;0;5;207;198;76;76;6;6;5;9;2;5;2;11;198;5;3;0;1;0;0;0;0;0;1;0;5;26;13;3;3;2;2;0;0;0;2;1;26
020101;18;miasto;stały;Szkoła Podstawowa Nr 4, ul. Mikołaja Brody 12, 59-700 Bolesławiec;m. Bolesławiec;bolesławiecki;dolnośląskie;1000;1269;1269;0;490;510;510;0;0;2;2;2;0;0;0;0;2;512;2;0;512;4;4;0;0;508;37;8;0;0;3;16;0;0;2;0;8;37;41;23;9;2;0;1;4;1;0;1;0;41;227;145;9;51;3;3;1;4;3;1;7;227;177;66;64;6;19;2;5;3;4;2;6;177;5;2;0;2;0;0;0;0;0;1;0;5;21;8;2;2;0;1;2;2;2;2;0;21
020101;19;miasto;stały;Miejskie Przedszkole Publiczne Nr 2, ul. Mikołaja Brody 17, 59-700 Bolesławiec;m. Bolesławiec;bolesławiecki;dolnośląskie;1202;1557;1557;0;443;759;759;0;3;5;0;0;0;0;0;0;0;759;0;0;759;4;1;3;0;755;44;11;1;1;0;11;1;0;0;0;19;44;60;36;9;3;3;1;0;0;3;1;4;60;400;246;24;90;2;7;4;5;4;4;14;400;213;80;76;10;16;4;12;2;1;3;9;213;3;0;0;0;0;0;0;1;0;1;1;3;35;22;5;1;3;0;2;2;0;0;0;35
020101;20;miasto;stały;Miejskie Przedszkole Publiczne Nr 7, ul. Górne Młyny 5, 59-700 Bolesławiec;m. Bolesławiec;bolesławiecki;dolnośląskie;1200;1559;1559;0;564;636;636;0;0;7;0;0;0;0;0;0;0;636;0;0;636;4;3;1;0;632;52;8;1;0;0;22;0;0;1;2;18;52;46;27;7;3;2;0;3;0;2;2;0;46;269;175;15;66;4;0;0;1;2;0;6;269;220;85;88;11;5;5;10;5;4;2;5;220;5;1;0;0;1;1;0;2;0;0;0;5;40;19;3;8;1;2;1;2;2;0;2;40
020101;21;miasto;stały;Miejskie Przedszkole Publiczne Nr 7, ul. Górne Młyny 5, 59-700 Bolesławiec;m. Bolesławiec;bolesławiecki;dolnośląskie;1201;1617;1617;0;540;661;661;0;4;1;0;0;0;0;0;0;0;661;0;0;661;2;0;2;0;659;31;9;2;1;0;7;2;0;0;0;10;31;40;22;4;2;2;5;1;0;1;1;2;40;298;180;14;79;5;4;1;4;2;1;8;298;256;91;115;7;8;4;7;2;8;2;12;256;11;5;0;0;1;0;1;0;1;0;3;11;23;12;3;1;2;0;1;1;1;1;1;23
020101;22;miasto;zakład leczniczy;Zespół Opieki Zdrowotnej w Bolesławcu, ul. Jeleniogórska 4, 59-700 Bolesławiec;m. Bolesławiec;bolesławiecki;dolnośląskie;150;81;81;0;133;17;17;0;0;0;0;0;0;0;0;0;0;17;0;0;17;0;0;0;0;17;0;0;0;0;0;0;0;0;0;0;0;0;0;0;0;0;0;0;0;0;0;0;0;0;6;2;1;2;1;0;0;0;0;0;0;6;11;1;6;2;0;1;1;0;0;0;0;11;0;0;0;0;0;0;0;0;0;0;0;0;0;0;0;0;0;0;0;0;0;0;0;0
020101;23;miasto;zakład leczniczy;Wojewódzki Szpital dla Nerwowo i Psychicznie Chorych w Bolesławcu, Aleja Tysiąclecia 30, 59-700 Bolesławiec;m. Bolesławiec;bolesławiecki;dolnośląskie;450;293;293;0;426;24;24;0;0;0;0;0;0;0;0;0;0;24;0;0;24;2;2;0;0;22;0;0;0;0;0;0;0;0;0;0;0;0;2;1;0;0;0;0;0;1;0;0;0;2;4;3;1;0;0;0;0;0;0;0;0;4;15;6;3;1;1;1;1;0;2;0;0;15;0;0;0;0;0;0;0;0;0;0;0;0;1;1;0;0;0;0;0;0;0;0;0;1
020101;24;miasto;dom pomocy społecznej;Dom Pomocy Społecznej w Bolesławcu, ul. Piastów 17, 59-700 Bolesławiec;m. Bolesławiec;bolesławiecki;dolnośląskie;61;42;42;0;29;32;32;0;0;0;0;0;0;0;0;0;0;32;0;0;32;6;0;6;0;26;0;0;0;0;0;0;0;0;0;0;0;0;4;1;0;0;1;0;2;0;0;0;0;4;7;3;0;2;1;1;0;0;0;0;0;7;12;3;3;2;2;1;1;0;0;0;0;12;3;0;2;0;0;1;0;0;0;0;0;3;0;0;0;0;0;0;0;0;0;0;0;0
020102;1;wieś;stały;Dom Ludowy, Żeliszów 102A, 59-700 Bolesławiec;gm. Bolesławiec;bolesławiecki;dolnośląskie;600;804;804;0;309;291;291;0;0;0;0;0;0;0;0;0;0;291;0;0;291;4;2;2;0;287;19;3;0;0;0;7;0;0;0;0;9;19;20;7;3;1;4;1;0;1;0;3;0;20;70;43;5;14;1;0;1;0;1;0;5;70;162;56;78;2;4;7;2;5;1;1;6;162;2;1;0;1;0;0;0;0;0;0;0;2;14;6;1;1;0;1;0;4;1;0;0;14
020102;2;wieś;stały;Dom Ludowy, Bożejowice 1A, 59-700 Bolesławiec;gm. Bolesławiec;bolesławiecki;dolnośląskie;600;847;847;0;212;388;388;0;0;2;0;0;0;0;0;0;0;388;0;0;388;1;0;1;0;387;26;5;1;2;0;6;0;1;0;0;11;26;21;12;2;1;2;0;1;0;0;3;0;21;185;116;12;47;0;2;0;2;2;0;4;185;138;50;36;14;5;5;6;4;7;0;11;138;6;3;1;0;0;0;1;0;0;1;0;6;11;2;1;2;1;0;0;2;1;2;0;11
020102;3;wieś;stały;Dom Ludowy, Otok 44C, 59-700 Bolesławiec;gm. Bolesławiec;bolesławiecki;dolnośląskie;600;764;764;0;334;266;266;0;0;0;0;0;0;0;0;0;0;266;0;0;266;0;0;0;0;266;18;2;0;2;0;7;0;0;0;0;7;18;15;9;3;1;1;0;0;0;0;0;1;15;110;70;8;21;2;2;0;1;1;1;4;110;113;40;53;3;5;3;2;3;2;0;2;113;1;0;0;0;1;0;0;0;0;0;0;1;9;3;2;0;0;3;1;0;0;0;0;9
020102;4;wieś;stały;Dom Ludowy, Brzeźnik 37, 59-700  Bolesławiec;gm. Bolesławiec;bolesławiecki;dolnośląskie;500;690;690;0;215;285;285;0;0;0;0;0;0;0;0;0;0;285;0;0;285;5;2;3;0;280;16;6;0;0;2;0;0;1;0;0;7;16;12;3;0;0;5;0;1;0;0;2;1;12;56;28;2;15;1;1;1;1;7;0;0;56;175;60;74;15;8;3;2;6;4;1;2;175;5;3;0;0;0;0;0;0;1;0;1;5;16;7;2;3;1;0;1;0;1;1;0;16
020102;5;wieś;stały;Dom Ludowy, Dobra 94, 59-700  Bolesławiec;gm. Bolesławiec;bolesławiecki;dolnośląskie;700;896;896;0;312;388;388;0;0;1;0;0;0;0;0;0;0;388;0;0;388;3;2;1;0;385;16;3;0;1;0;5;0;0;2;0;5;16;26;10;7;4;1;0;1;1;0;1;1;26;165;105;4;33;0;9;3;2;6;0;3;165;145;55;57;4;7;5;5;4;0;0;8;145;6;5;0;0;1;0;0;0;0;0;0;6;27;15;5;2;0;2;0;1;0;1;1;27
020102;6;wieś;stały;Szkoła Podstawowa, Dąbrowa Bolesławiecka 43, 59-700 Bolesławiec;gm. Bolesławiec;bolesławiecki;dolnośląskie;1100;1409;1409;0;595;505;505;0;1;3;0;0;0;0;0;0;0;505;0;0;505;3;1;2;0;502;34;4;1;0;1;11;0;0;1;0;16;34;16;8;1;1;1;0;2;0;2;0;1;16;153;101;10;30;1;1;2;0;2;0;6;153;271;122;105;12;5;6;4;6;3;1;7;271;3;1;0;1;0;0;0;0;0;0;1;3;25;10;3;5;2;0;0;1;1;2;1;25
020102;7;wieś;stały;Dom Ludowy, Trzebień ul. Lipowa 5, 59-700 Bolesławiec;gm. Bolesławiec;bolesławiecki;dolnośląskie;900;1208;1208;0;530;370;370;0;0;1;0;0;0;0;0;0;0;370;0;0;370;3;2;1;0;367;22;2;0;0;0;6;0;0;2;3;9;22;19;8;5;0;0;1;0;0;3;1;1;19;139;88;11;31;1;0;1;3;3;0;1;139;164;65;57;7;4;13;7;3;4;1;3;164;1;1;0;0;0;0;0;0;0;0;0;1;22;7;3;5;2;0;0;1;3;1;0;22
020102;8;wieś;stały;Dom Ludowy, Kraśnik Dolny 24C, 59-700 Bolesławiec;gm. Bolesławiec;bolesławiecki;dolnośląskie;1100;1406;1406;0;593;507;507;0;0;1;0;0;0;0;0;0;0;507;0;0;507;3;2;1;0;504;38;4;2;2;0;17;1;0;1;0;11;38;27;16;7;2;1;0;0;0;1;0;0;27;135;84;5;28;2;4;1;6;2;0;3;135;272;88;131;12;11;9;1;7;3;5;5;272;6;4;0;0;0;0;0;1;0;0;1;6;26;5;3;12;0;1;1;0;1;1;2;26
020102;9;wieś;stały;Centrum Administracyjno-Kulturalne, Kruszyn ul. Kasztanowa 1B, 59-700 Bolesławiec;gm. Bolesławiec;bolesławiecki;dolnośląskie;1099;1428;1428;0;391;708;708;0;0;2;0;0;0;0;0;0;0;708;0;0;708;4;0;4;0;704;44;14;5;2;0;7;0;0;1;0;15;44;49;33;4;3;1;3;1;0;1;2;1;49;342;222;23;63;4;5;0;6;7;1;11;342;236;92;78;12;6;6;14;7;5;8;8;236;4;1;0;1;1;0;0;0;0;1;0;4;29;12;9;3;0;1;0;1;2;0;1;29
020102;10;wieś;stały;Dom Ludowy, Łaziska 30A, 59-700 Bolesławiec;gm. Bolesławiec;bolesławiecki;dolnośląskie;700;939;939;0;299;401;401;0;0;0;0;0;0;0;0;0;0;401;0;0;401;3;1;2;0;398;21;7;0;1;1;7;0;0;0;0;5;21;19;14;2;1;0;1;0;0;1;0;0;19;150;98;7;33;2;2;1;3;1;0;3;150;173;61;74;3;6;11;8;2;1;0;7;173;9;0;2;4;2;1;0;0;0;0;0;9;26;8;6;8;0;2;0;0;1;0;1;26
020102;11;wieś;stały;Dom Ludowy, Ocice 54B, 59-730 Nowogrodziec;gm. Bolesławiec;bolesławiecki;dolnośląskie;600;775;775;0;312;288;288;0;0;0;0;0;0;0;0;0;0;288;0;0;288;2;2;0;0;286;17;11;0;0;1;0;0;0;0;0;5;17;13;6;2;2;0;0;0;0;1;2;0;13;31;14;8;6;0;0;0;0;2;0;1;31;211;95;71;11;4;13;2;4;2;2;7;211;3;1;2;0;0;0;0;0;0;0;0;3;11;1;2;3;1;0;0;1;0;2;1;11
020103;1;wieś;stały;Szkoła Podstawowa w Gromadce, ul. gen. Wł. Sikorskiego 19, 59-706 Gromadka;gm. Gromadka;bolesławiecki;dolnośląskie;1395;1800;1799;1;674;721;721;0;0;4;0;0;0;0;0;0;0;721;0;0;721;20;12;8;0;701;49;7;1;1;2;18;0;1;0;0;19;49;42;29;6;3;0;0;1;1;0;0;2;42;232;119;17;51;4;2;4;5;27;1;2;232;334;99;162;21;10;11;3;6;9;4;9;334;9;5;0;1;0;1;0;1;0;0;1;9;35;15;6;6;2;0;0;0;0;3;3;35
020103;2;wieś;stały;Gminny Ośrodek Pomocy Społecznej w Gromadce z siedzibą w Wierzbowej, Wierzbowa 19, 59-706 Gromadka;gm. Gromadka;bolesławiecki;dolnośląskie;700;860;859;1;386;314;313;1;0;0;0;0;0;0;0;0;0;314;0;0;314;1;0;1;0;313;24;4;0;2;0;7;0;0;0;0;11;24;9;7;1;0;0;0;0;0;1;0;0;9;51;22;5;19;1;1;0;1;0;0;2;51;222;87;92;12;9;9;2;1;6;0;4;222;2;1;0;1;0;0;0;0;0;0;0;2;5;1;0;1;0;1;0;0;0;2;0;5
020103;3;wieś;stały;Świetlica wiejska w Różyńcu, Różyniec 41B, 59-706 Gromadka;gm. Gromadka;bolesławiecki;dolnośląskie;899;1194;1194;0;482;417;417;0;0;1;0;0;0;0;0;0;0;417;0;0;417;7;2;5;0;410;11;3;0;0;0;3;0;0;1;0;4;11;23;9;5;2;2;1;1;0;2;0;1;23;123;66;5;33;3;2;0;5;1;4;4;123;234;65;122;10;9;10;0;7;2;0;9;234;6;0;3;0;0;0;2;0;0;0;1;6;13;5;3;4;0;0;0;0;1;0;0;13
020103;4;wieś;stały;Szkoła Podstawowa w Modle, Modła 76, 59-706 Gromadka;gm. Gromadka;bolesławiecki;dolnośląskie;400;522;522;0;240;160;160;0;0;0;0;0;0;0;0;0;0;160;0;0;160;4;3;1;0;156;7;1;0;1;0;0;1;0;0;0;4;7;2;0;0;1;1;0;0;0;0;0;0;2;48;25;4;14;1;2;0;1;1;0;0;48;91;32;38;7;3;4;1;2;4;0;0;91;0;0;0;0;0;0;0;0;0;0;0;0;8;4;1;2;0;0;0;1;0;0;0;8
020104;1;wieś;stały;Szkoła Podstawowa im. Górników Surowców Mineralnych w Czernej, Czerna 52, 59-730 Nowogrodziec;gm. Nowogrodziec;bolesławiecki;dolnośląskie;600;826;826;0;369;231;231;0;0;0;0;0;0;0;0;0;0;231;0;0;231;2;1;1;0;229;16;2;2;0;0;5;0;0;0;0;7;16;12;8;3;0;0;0;0;0;1;0;0;12;55;30;5;9;4;2;0;3;2;0;0;55;128;37;49;4;8;4;3;16;2;1;4;128;3;2;0;0;1;0;0;0;0;0;0;3;15;7;3;2;1;1;0;0;1;0;0;15
020104;2;wieś;stały;Szkoła Podstawowa im. Jana Pawła II w Gierałtowie, Gierałtów 47, 59-730 Nowogrodziec;gm. Nowogrodziec;bolesławiecki;dolnośląskie;600;856;856;0;330;270;270;0;0;0;0;0;0;0;0;0;0;270;0;0;270;2;2;0;0;268;11;4;0;0;1;3;0;0;0;0;3;11;15;7;1;2;1;1;1;1;1;0;0;15;60;33;7;11;0;2;2;4;0;1;0;60;174;68;66;5;6;12;8;3;2;0;4;174;2;0;0;0;1;1;0;0;0;0;0;2;6;2;0;2;0;0;0;1;0;1;0;6
020104;3;wieś;stały;Budynek byłej Szkoły Podstawowej w Godzieszowie, Godzieszów 96, 59-730 Nowogrodziec;gm. Nowogrodziec;bolesławiecki;dolnośląskie;400;523;523;0;219;181;181;0;0;3;0;0;0;0;0;0;0;181;0;0;181;1;0;1;0;180;9;4;0;0;1;2;0;0;0;0;2;9;8;2;4;0;0;2;0;0;0;0;0;8;60;32;6;14;3;3;1;1;0;0;0;60;93;25;46;4;2;6;0;7;2;0;1;93;1;1;0;0;0;0;0;0;0;0;0;1;9;5;1;1;1;0;0;0;0;1;0;9
020104;4;wieś;stały;Szkoła Podstawowa im. Jana Pawła II w Gościszowie, Gościszów 152, 59-730 Nowogrodziec;gm. Nowogrodziec;bolesławiecki;dolnośląskie;899;1142;1142;0;555;344;344;0;1;3;0;0;0;0;0;0;0;344;0;0;344;11;9;2;0;333;23;6;0;0;1;8;1;0;0;0;7;23;10;4;0;0;1;1;1;1;2;0;0;10;40;19;8;6;3;1;0;3;0;0;0;40;246;91;109;12;7;6;9;1;6;2;3;246;4;3;0;0;0;0;0;0;0;0;1;4;10;4;0;2;0;0;1;0;3;0;0;10
020104;5;wieś;stały;Budynek byłej remizy OSP w Milikowie, Milików 142, 59-730 Nowogrodziec;gm. Nowogrodziec;bolesławiecki;dolnośląskie;800;1044;1044;0;475;325;325;0;0;1;0;0;0;0;0;0;0;325;0;0;325;6;3;3;0;319;21;3;0;0;1;7;0;0;0;0;10;21;7;4;1;2;0;0;0;0;0;0;0;7;70;49;6;9;0;1;1;2;2;0;0;70;206;80;73;14;10;7;2;8;4;0;8;206;6;2;2;1;0;1;0;0;0;0;0;6;9;3;1;2;0;0;0;2;0;1;0;9
020104;6;wieś;stały;Szkoła Podstawowa im. Józefa Piłsudskiego w Nowej Wsi, Nowa Wieś 26a, 59-730 Nowogrodziec;gm. Nowogrodziec;bolesławiecki;dolnośląskie;500;714;714;0;281;219;219;0;0;0;0;0;0;0;0;0;0;219;0;0;219;4;2;2;0;215;14;3;0;0;0;2;0;0;0;0;9;14;14;10;0;0;0;1;2;1;0;0;0;14;56;28;5;17;3;0;0;2;0;0;1;56;118;47;32;11;5;5;0;3;8;0;7;118;5;3;0;0;1;0;1;0;0;0;0;5;8;5;0;2;0;0;0;1;0;0;0;8
020104;7;miasto;stały;Szkoła Podstawowa im. Bolesława Chrobrego w Nowogrodźcu, ul. Sienkiewicza 8, 59-730 Nowogrodziec;gm. Nowogrodziec;bolesławiecki;dolnośląskie;1200;1642;1642;0;559;641;641;0;0;3;0;0;0;0;0;0;0;641;0;0;641;13;9;4;0;628;27;7;1;0;0;3;0;0;0;1;15;27;28;11;4;1;2;0;0;1;2;4;3;28;159;94;13;34;3;3;0;5;5;0;2;159;375;137;146;24;17;14;8;15;4;4;6;375;6;3;1;1;0;0;0;0;1;0;0;6;33;18;4;8;1;0;0;2;0;0;0;33
020104;8;miasto;stały;Gminne Centrum Kultury i Sportu w Nowogrodźcu, ul. Lubańska 42a, 59-730 Nowogrodziec;gm. Nowogrodziec;bolesławiecki;dolnośląskie;1200;1631;1631;0;612;588;588;0;2;5;0;0;0;0;0;0;0;588;0;0;588;8;3;5;0;580;30;7;6;0;3;3;1;0;0;0;10;30;39;15;3;7;8;0;2;0;3;1;0;39;179;100;14;49;4;1;1;3;4;0;3;179;301;70;160;12;16;11;8;7;6;3;8;301;6;2;0;0;1;0;0;0;0;0;3;6;25;12;5;4;0;1;1;0;1;1;0;25
020104;9;wieś;stały;Budynek nr 63 w Parzycach (były Ośrodek Kultury w Parzycach), Parzyce 63, 59-730 Nowogrodziec;gm. Nowogrodziec;bolesławiecki;dolnośląskie;600;768;768;0;348;252;252;0;0;0;0;0;0;0;0;0;0;252;0;0;252;6;4;2;0;246;24;6;1;0;0;5;1;1;1;0;9;24;9;6;0;1;0;0;2;0;0;0;0;9;68;44;3;16;1;1;0;1;0;1;1;68;132;41;53;12;7;4;0;11;1;0;3;132;3;1;1;0;0;1;0;0;0;0;0;3;10;5;2;1;1;0;0;0;0;1;0;10
020104;10;wieś;stały;Świetlica Wiejska w Wykrotach, Wykroty ul. Główna 27, 59-730 Nowogrodziec;gm. Nowogrodziec;bolesławiecki;dolnośląskie;1100;1524;1524;0;609;491;491;0;0;0;0;0;0;0;0;0;0;491;0;0;491;4;3;1;0;487;32;3;0;0;1;12;0;0;0;1;15;32;32;9;4;4;5;1;2;1;0;4;2;32;94;60;6;21;1;2;1;1;0;0;2;94;298;82;145;26;10;4;5;13;4;0;9;298;5;1;1;0;0;0;1;0;1;0;1;5;26;11;0;7;0;1;1;2;1;1;2;26
020104;11;wieś;stały;Świetlica Wiejska w Zebrzydowej, Zebrzydowa 52, 59-730 Nowogrodziec;gm. Nowogrodziec;bolesławiecki;dolnośląskie;798;1114;1114;0;422;376;376;0;0;0;0;0;0;0;0;0;0;376;0;0;376;4;1;3;0;372;18;3;0;1;3;7;0;0;0;0;4;18;23;14;2;1;0;2;0;0;3;1;0;23;136;82;8;31;2;7;1;3;2;0;0;136;163;52;60;9;6;6;2;17;4;2;5;163;12;4;1;0;2;1;0;2;0;1;1;12;20;9;3;4;0;1;0;1;1;1;0;20
020104;12;miasto;zakład leczniczy;Samodzielny Publiczny Zakład Opieki Zdrowotnej w Nowogrodźcu, ul. Lubańska 16, 59-730 Nowogrodziec;gm. Nowogrodziec;bolesławiecki;dolnośląskie;75;70;70;0;70;5;5;0;0;0;0;0;0;0;0;0;0;5;0;0;5;0;0;0;0;5;0;0;0;0;0;0;0;0;0;0;0;0;0;0;0;0;0;0;0;0;0;0;0;0;3;3;0;0;0;0;0;0;0;0;0;3;2;1;1;0;0;0;0;0;0;0;0;2;0;0;0;0;0;0;0;0;0;0;0;0;0;0;0;0;0;0;0;0;0;0;0;0
020105;1;wieś;stały;Szkoła Podstawowa im. Henryka Pobożnego w Tomisławiu, Tomisław 63A, 59-724 Osiecznica;gm. Osiecznica;bolesławiecki;dolnośląskie;599;842;842;0;268;331;331;0;0;0;0;0;0;0;0;0;0;331;0;0;331;8;5;3;0;323;23;5;0;0;1;3;0;0;0;0;14;23;26;15;1;2;0;0;3;2;1;2;0;26;69;42;9;10;1;3;0;2;2;0;0;69;174;64;77;4;8;3;5;10;0;0;3;174;6;2;1;0;1;0;1;0;0;0;1;6;25;14;5;1;0;0;0;1;0;3;1;25
020105;2;wieś;stały;Gminny Ośrodek Sportu i Rekreacji w Osiecznicy, ul. Lubańska 29B, 59-724 Osiecznica;gm. Osiecznica;bolesławiecki;dolnośląskie;1000;1295;1295;0;546;454;454;0;0;13;0;0;0;0;0;0;0;454;0;0;454;5;3;2;0;449;35;2;1;0;3;11;0;0;0;0;18;35;31;14;5;0;2;1;4;1;2;2;0;31;168;98;7;48;3;2;3;1;4;0;2;168;185;76;80;7;6;1;3;3;0;4;5;185;9;7;0;0;0;0;0;0;0;0;2;9;21;5;4;3;1;1;0;3;3;1;0;21
020105;3;wieś;stały;Świetlica Wiejska w Przejęsławiu, Przejęsław 10a, 59-724 Osiecznica;gm. Osiecznica;bolesławiecki;dolnośląskie;301;443;443;0;162;139;139;0;0;0;0;0;0;0;0;0;0;139;0;0;139;4;3;1;0;135;13;1;6;1;0;4;0;0;0;0;1;13;8;4;1;0;0;0;3;0;0;0;0;8;32;18;5;2;1;3;0;2;0;0;1;32;71;31;19;10;5;0;1;2;1;1;1;71;5;1;0;0;1;0;1;0;0;0;2;5;6;1;3;0;0;0;0;1;0;0;1;6
020105;4;wieś;stały;Świetlica Wiejska w Ławszowej, Ławszowa 81, 59-724  Osiecznica;gm. Osiecznica;bolesławiecki;dolnośląskie;400;572;572;0;196;204;204;0;0;0;0;0;0;0;0;0;0;204;0;0;204;7;3;4;0;197;6;1;0;0;1;0;0;0;0;0;4;6;12;5;2;0;1;0;0;0;1;1;2;12;64;40;4;12;0;3;0;0;3;1;1;64;101;47;31;5;4;4;2;1;0;0;7;101;4;2;0;0;0;0;0;0;0;0;2;4;10;4;1;3;0;1;0;0;0;0;1;10
020105;5;wieś;stały;Świetlica Wiejska w Parowej, Parowa 89A, 59-724 Osiecznica;gm. Osiecznica;bolesławiecki;dolnośląskie;600;864;864;0;320;280;280;0;0;2;0;0;0;0;0;0;0;280;0;0;280;7;4;3;0;273;31;6;1;0;3;4;0;2;1;1;13;31;10;2;1;1;1;1;1;1;2;0;0;10;96;61;4;16;4;0;1;2;2;1;5;96;121;53;39;6;6;3;2;2;5;0;5;121;6;4;0;0;0;0;1;0;0;0;1;6;9;1;2;3;0;1;0;0;1;1;0;9
020105;6;wieś;stały;Dom Myśliwski w Ołoboku, Ołobok 58A, 59-724 Osiecznica;gm. Osiecznica;bolesławiecki;dolnośląskie;300;333;333;0;243;57;57;0;0;1;0;0;0;0;0;0;0;57;0;0;57;0;0;0;0;57;2;0;0;0;0;1;0;0;0;0;1;2;3;0;1;1;1;0;0;0;0;0;0;3;22;8;6;4;0;2;0;0;1;0;1;22;28;10;8;3;1;3;0;1;1;1;0;28;0;0;0;0;0;0;0;0;0;0;0;0;2;0;1;1;0;0;0;0;0;0;0;2
020105;7;wieś;stały;Centrum Aktywności Społecznej w Świętoszowie, ul. Szkolna 15, 59-726 Świętoszów;gm. Osiecznica;bolesławiecki;dolnośląskie;800;1020;1020;0;409;391;391;0;0;13;0;0;0;0;0;0;0;391;0;0;391;5;3;2;0;386;25;3;0;0;0;6;0;3;0;0;13;25;41;24;3;2;5;0;1;2;0;1;3;41;163;102;11;27;3;1;8;8;1;1;1;163;117;31;48;6;9;6;3;2;3;5;4;117;14;6;1;0;1;0;1;0;1;0;4;14;26;12;6;3;0;0;1;1;0;1;2;26
020106;1;wieś;stały;Wiejski Dom Kultury, Warta Bolesławiecka 29B, 59-720 Warta Bolesławiecka;gm. Warta Bolesławiecka;bolesławiecki;dolnośląskie;794;1032;1032;0;412;382;382;0;0;0;0;0;0;0;0;0;0;382;0;0;382;4;3;1;0;378;25;6;1;0;0;6;0;0;0;1;11;25;13;8;1;1;0;1;0;0;1;0;1;13;120;65;4;44;1;0;1;2;1;0;2;120;195;63;75;11;7;7;15;5;1;1;10;195;7;1;1;0;0;1;1;1;0;0;2;7;18;7;3;3;2;0;0;1;0;1;1;18
020106;2;wieś;stały;Szkoła Podstawowa im. Żołnierzy II Armii Wojska Polskiego, Tomaszów Bolesławiecki 96, 59-720 Tomaszów Bolesławiecki;gm. Warta Bolesławiecka;bolesławiecki;dolnośląskie;1200;1541;1540;1;650;550;549;1;0;1;0;0;0;0;0;0;0;550;0;0;550;2;2;0;0;548;40;5;0;0;0;24;0;0;0;0;11;40;40;20;8;2;5;0;2;0;3;0;0;40;210;120;25;45;3;3;5;1;2;1;5;210;220;100;72;6;10;8;2;1;3;0;18;220;7;1;1;2;2;0;0;0;0;0;1;7;31;12;3;2;0;1;3;3;1;5;1;31
020106;3;wieś;stały;Świetlica Wiejska, Raciborowice Górne 196, 59-720 Raciborowice Górne;gm. Warta Bolesławiecka;bolesławiecki;dolnośląskie;798;1067;1067;0;436;362;362;0;0;1;0;0;0;0;0;0;0;362;0;0;362;2;2;0;0;360;15;4;0;1;0;1;1;0;1;0;7;15;30;19;6;3;1;0;0;0;0;0;1;30;80;59;6;7;0;1;1;4;1;1;0;80;210;79;70;12;11;3;5;3;0;0;27;210;5;1;0;0;0;0;0;1;0;0;3;5;20;11;2;1;2;0;0;2;0;0;2;20
020106;4;wieś;stały;Zespół Szkolno-Przedszkolny, Iwiny Osiedle I 6, 59-720 Iwiny;gm. Warta Bolesławiecka;bolesławiecki;dolnośląskie;1004;1258;1258;0;504;500;500;0;1;1;0;0;0;0;0;0;0;500;0;1;499;7;5;2;0;492;20;5;0;0;1;6;1;1;0;0;6;20;21;13;3;0;0;1;0;0;2;2;0;21;128;96;4;16;0;2;1;2;2;3;2;128;291;123;115;16;3;12;6;5;2;0;9;291;7;6;0;0;0;0;0;0;0;0;1;7;25;14;3;4;0;0;0;0;1;1;2;25
020106;5;wieś;stały;Świetlica Wiejska, Szczytnica 34A, 59-720 Szczytnica;gm. Warta Bolesławiecka;bolesławiecki;dolnośląskie;799;1061;1061;0;509;290;290;0;0;0;0;0;0;0;0;0;0;290;0;0;290;3;3;0;0;287;23;5;0;0;1;7;0;0;0;0;10;23;23;13;6;1;0;0;1;0;0;1;1;23;110;78;7;12;0;0;1;0;4;5;3;110;122;61;39;6;1;1;4;2;4;2;2;122;3;2;1;0;0;0;0;0;0;0;0;3;6;3;1;2;0;0;0;0;0;0;0;6
020106;6;wieś;stały;Kino „Kujawy”, Raciborowice Dolne 61, 59-720 Raciborowice Dolne;gm. Warta Bolesławiecka;bolesławiecki;dolnośląskie;600;766;766;0;346;254;254;0;0;0;0;0;0;0;0;0;0;254;0;0;254;2;2;0;0;252;8;0;1;1;1;0;0;0;0;0;5;8;13;7;1;2;1;0;1;0;1;0;0;13;61;36;4;17;1;1;0;0;1;1;0;61;163;55;66;10;6;5;11;1;1;0;8;163;4;1;1;0;0;0;0;1;0;0;1;4;3;1;1;0;0;1;0;0;0;0;0;3
